ID,Nombre,Descripción,Tipo
1,Servicio 1,Descripción del Servicio 1,Servicio
1-1,Subservicio 1-1,Descripción del Subservicio 1-1,Subservicio
1-2,Subservicio 1-2,Descripción del Subservicio 1-2,Subservicio
1-3,Subservicio 1-3,Descripción del Subservicio 1-3,Subservicio
1-4,Subservicio 1-4,Descripción del Subservicio 1-4,Subservicio
1-5,Subservicio 1-5,Descripción del Subservicio 1-5,Subservicio
1-6,Subservicio 1-6,Descripción del Subservicio 1-6,Subservicio
1-7,Subservicio 1-7,Descripción del Subservicio 1-7,Subservicio
1-8,Subservicio 1-8,Descripción del Subservicio 1-8,Subservicio
1-9,Subservicio 1-9,Descripción del Subservicio 1-9,Subservicio
1-10,Subservicio 1-10,Descripción del Subservicio 1-10,Subservicio
2,Servicio 2,Descripción del Servicio 2,Servicio
2-1,Subservicio 2-1,Descripción del Subservicio 2-1,Subservicio
2-2,Subservicio 2-2,Descripción del Subservicio 2-2,Subservicio
2-3,Subservicio 2-3,Descripción del Subservicio 2-3,Subservicio
2-4,Subservicio 2-4,Descripción del Subservicio 2-4,Subservicio
2-5,Subservicio 2-5,Descripción del Subservicio 2-5,Subservicio
2-6,Subservicio 2-6,Descripción del Subservicio 2-6,Subservicio
2-7,Subservicio 2-7,Descripción del Subservicio 2-7,Subservicio
2-8,Subservicio 2-8,Descripción del Subservicio 2-8,Subservicio
2-9,Subservicio 2-9,Descripción del Subservicio 2-9,Subservicio
2-10,Subservicio 2-10,Descripción del Subservicio 2-10,Subservicio
3,Servicio 3,Descripción del Servicio 3,Servicio
3-1,Subservicio 3-1,Descripción del Subservicio 3-1,Subservicio
3-2,Subservicio 3-2,Descripción del Subservicio 3-2,Subservicio
3-3,Subservicio 3-3,Descripción del Subservicio 3-3,Subservicio
3-4,Subservicio 3-4,Descripción del Subservicio 3-4,Subservicio
3-5,Subservicio 3-5,Descripción del Subservicio 3-5,Subservicio
3-6,Subservicio 3-6,Descripción del Subservicio 3-6,Subservicio
3-7,Subservicio 3-7,Descripción del Subservicio 3-7,Subservicio
3-8,Subservicio 3-8,Descripción del Subservicio 3-8,Subservicio
3-9,Subservicio 3-9,Descripción del Subservicio 3-9,Subservicio
3-10,Subservicio 3-10,Descripción del Subservicio 3-10,Subservicio
4,Servicio 4,Descripción del Servicio 4,Servicio
4-1,Subservicio 4-1,Descripción del Subservicio 4-1,Subservicio
4-2,Subservicio 4-2,Descripción del Subservicio 4-2,Subservicio
4-3,Subservicio 4-3,Descripción del Subservicio 4-3,Subservicio
4-4,Subservicio 4-4,Descripción del Subservicio 4-4,Subservicio
4-5,Subservicio 4-5,Descripción del Subservicio 4-5,Subservicio
4-6,Subservicio 4-6,Descripción del Subservicio 4-6,Subservicio
4-7,Subservicio 4-7,Descripción del Subservicio 4-7,Subservicio
4-8,Subservicio 4-8,Descripción del Subservicio 4-8,Subservicio
4-9,Subservicio 4-9,Descripción del Subservicio 4-9,Subservicio
4-10,Subservicio 4-10,Descripción del Subservicio 4-10,Subservicio
5,Servicio 5,Descripción del Servicio 5,Servicio
5-1,Subservicio 5-1,Descripción del Subservicio 5-1,Subservicio
5-2,Subservicio 5-2,Descripción del Subservicio 5-2,Subservicio
5-3,Subservicio 5-3,Descripción del Subservicio 5-3,Subservicio
5-4,Subservicio 5-4,Descripción del Subservicio 5-4,Subservicio
5-5,Subservicio 5-5,Descripción del Subservicio 5-5,Subservicio
5-6,Subservicio 5-6,Descripción del Subservicio 5-6,Subservicio
5-7,Subservicio 5-7,Descripción del Subservicio 5-7,Subservicio
5-8,Subservicio 5-8,Descripción del Subservicio 5-8,Subservicio
5-9,Subservicio 5-9,Descripción del Subservicio 5-9,Subservicio
5-10,Subservicio 5-10,Descripción del Subservicio 5-10,Subservicio
6,Servicio 6,Descripción del Servicio 6,Servicio
6-1,Subservicio 6-1,Descripción del Subservicio 6-1,Subservicio
6-2,Subservicio 6-2,Descripción del Subservicio 6-2,Subservicio
6-3,Subservicio 6-3,Descripción del Subservicio 6-3,Subservicio
6-4,Subservicio 6-4,Descripción del Subservicio 6-4,Subservicio
6-5,Subservicio 6-5,Descripción del Subservicio 6-5,Subservicio
6-6,Subservicio 6-6,Descripción del Subservicio 6-6,Subservicio
6-7,Subservicio 6-7,Descripción del Subservicio 6-7,Subservicio
6-8,Subservicio 6-8,Descripción del Subservicio 6-8,Subservicio
6-9,Subservicio 6-9,Descripción del Subservicio 6-9,Subservicio
6-10,Subservicio 6-10,Descripción del Subservicio 6-10,Subservicio
7,Servicio 7,Descripción del Servicio 7,Servicio
7-1,Subservicio 7-1,Descripción del Subservicio 7-1,Subservicio
7-2,Subservicio 7-2,Descripción del Subservicio 7-2,Subservicio
7-3,Subservicio 7-3,Descripción del Subservicio 7-3,Subservicio
7-4,Subservicio 7-4,Descripción del Subservicio 7-4,Subservicio
7-5,Subservicio 7-5,Descripción del Subservicio 7-5,Subservicio
7-6,Subservicio 7-6,Descripción del Subservicio 7-6,Subservicio
7-7,Subservicio 7-7,Descripción del Subservicio 7-7,Subservicio
7-8,Subservicio 7-8,Descripción del Subservicio 7-8,Subservicio
7-9,Subservicio 7-9,Descripción del Subservicio 7-9,Subservicio
7-10,Subservicio 7-10,Descripción del Subservicio 7-10,Subservicio
8,Servicio 8,Descripción del Servicio 8,Servicio
8-1,Subservicio 8-1,Descripción del Subservicio 8-1,Subservicio
8-2,Subservicio 8-2,Descripción del Subservicio 8-2,Subservicio
8-3,Subservicio 8-3,Descripción del Subservicio 8-3,Subservicio
8-4,Subservicio 8-4,Descripción del Subservicio 8-4,Subservicio
8-5,Subservicio 8-5,Descripción del Subservicio 8-5,Subservicio
8-6,Subservicio 8-6,Descripción del Subservicio 8-6,Subservicio
8-7,Subservicio 8-7,Descripción del Subservicio 8-7,Subservicio
8-8,Subservicio 8-8,Descripción del Subservicio 8-8,Subservicio
8-9,Subservicio 8-9,Descripción del Subservicio 8-9,Subservicio
8-10,Subservicio 8-10,Descripción del Subservicio 8-10,Subservicio
9,Servicio 9,Descripción del Servicio 9,Servicio
9-1,Subservicio 9-1,Descripción del Subservicio 9-1,Subservicio
9-2,Subservicio 9-2,Descripción del Subservicio 9-2,Subservicio
9-3,Subservicio 9-3,Descripción del Subservicio 9-3,Subservicio
9-4,Subservicio 9-4,Descripción del Subservicio 9-4,Subservicio
9-5,Subservicio 9-5,Descripción del Subservicio 9-5,Subservicio
9-6,Subservicio 9-6,Descripción del Subservicio 9-6,Subservicio
9-7,Subservicio 9-7,Descripción del Subservicio 9-7,Subservicio
9-8,Subservicio 9-8,Descripción del Subservicio 9-8,Subservicio
9-9,Subservicio 9-9,Descripción del Subservicio 9-9,Subservicio
9-10,Subservicio 9-10,Descripción del Subservicio 9-10,Subservicio
10,Servicio 10,Descripción del Servicio 10,Servicio
10-1,Subservicio 10-1,Descripción del Subservicio 10-1,Subservicio
10-2,Subservicio 10-2,Descripción del Subservicio 10-2,Subservicio
10-3,Subservicio 10-3,Descripción del Subservicio 10-3,Subservicio
10-4,Subservicio 10-4,Descripción del Subservicio 10-4,Subservicio
10-5,Subservicio 10-5,Descripción del Subservicio 10-5,Subservicio
10-6,Subservicio 10-6,Descripción del Subservicio 10-6,Subservicio
10-7,Subservicio 10-7,Descripción del Subservicio 10-7,Subservicio
10-8,Subservicio 10-8,Descripción del Subservicio 10-8,Subservicio
10-9,Subservicio 10-9,Descripción del Subservicio 10-9,Subservicio
10-10,Subservicio 10-10,Descripción del Subservicio 10-10,Subservicio
11,Servicio 11,Descripción del Servicio 11,Servicio
11-1,Subservicio 11-1,Descripción del Subservicio 11-1,Subservicio
11-2,Subservicio 11-2,Descripción del Subservicio 11-2,Subservicio
11-3,Subservicio 11-3,Descripción del Subservicio 11-3,Subservicio
11-4,Subservicio 11-4,Descripción del Subservicio 11-4,Subservicio
11-5,Subservicio 11-5,Descripción del Subservicio 11-5,Subservicio
11-6,Subservicio 11-6,Descripción del Subservicio 11-6,Subservicio
11-7,Subservicio 11-7,Descripción del Subservicio 11-7,Subservicio
11-8,Subservicio 11-8,Descripción del Subservicio 11-8,Subservicio
11-9,Subservicio 11-9,Descripción del Subservicio 11-9,Subservicio
11-10,Subservicio 11-10,Descripción del Subservicio 11-10,Subservicio
12,Servicio 12,Descripción del Servicio 12,Servicio
12-1,Subservicio 12-1,Descripción del Subservicio 12-1,Subservicio
12-2,Subservicio 12-2,Descripción del Subservicio 12-2,Subservicio
12-3,Subservicio 12-3,Descripción del Subservicio 12-3,Subservicio
12-4,Subservicio 12-4,Descripción del Subservicio 12-4,Subservicio
12-5,Subservicio 12-5,Descripción del Subservicio 12-5,Subservicio
12-6,Subservicio 12-6,Descripción del Subservicio 12-6,Subservicio
12-7,Subservicio 12-7,Descripción del Subservicio 12-7,Subservicio
12-8,Subservicio 12-8,Descripción del Subservicio 12-8,Subservicio
12-9,Subservicio 12-9,Descripción del Subservicio 12-9,Subservicio
12-10,Subservicio 12-10,Descripción del Subservicio 12-10,Subservicio
13,Servicio 13,Descripción del Servicio 13,Servicio
13-1,Subservicio 13-1,Descripción del Subservicio 13-1,Subservicio
13-2,Subservicio 13-2,Descripción del Subservicio 13-2,Subservicio
13-3,Subservicio 13-3,Descripción del Subservicio 13-3,Subservicio
13-4,Subservicio 13-4,Descripción del Subservicio 13-4,Subservicio
13-5,Subservicio 13-5,Descripción del Subservicio 13-5,Subservicio
13-6,Subservicio 13-6,Descripción del Subservicio 13-6,Subservicio
13-7,Subservicio 13-7,Descripción del Subservicio 13-7,Subservicio
13-8,Subservicio 13-8,Descripción del Subservicio 13-8,Subservicio
13-9,Subservicio 13-9,Descripción del Subservicio 13-9,Subservicio
13-10,Subservicio 13-10,Descripción del Subservicio 13-10,Subservicio
14,Servicio 14,Descripción del Servicio 14,Servicio
14-1,Subservicio 14-1,Descripción del Subservicio 14-1,Subservicio
14-2,Subservicio 14-2,Descripción del Subservicio 14-2,Subservicio
14-3,Subservicio 14-3,Descripción del Subservicio 14-3,Subservicio
14-4,Subservicio 14-4,Descripción del Subservicio 14-4,Subservicio
14-5,Subservicio 14-5,Descripción del Subservicio 14-5,Subservicio
14-6,Subservicio 14-6,Descripción del Subservicio 14-6,Subservicio
14-7,Subservicio 14-7,Descripción del Subservicio 14-7,Subservicio
14-8,Subservicio 14-8,Descripción del Subservicio 14-8,Subservicio
14-9,Subservicio 14-9,Descripción del Subservicio 14-9,Subservicio
14-10,Subservicio 14-10,Descripción del Subservicio 14-10,Subservicio
15,Servicio 15,Descripción del Servicio 15,Servicio
15-1,Subservicio 15-1,Descripción del Subservicio 15-1,Subservicio
15-2,Subservicio 15-2,Descripción del Subservicio 15-2,Subservicio
15-3,Subservicio 15-3,Descripción del Subservicio 15-3,Subservicio
15-4,Subservicio 15-4,Descripción del Subservicio 15-4,Subservicio
15-5,Subservicio 15-5,Descripción del Subservicio 15-5,Subservicio
15-6,Subservicio 15-6,Descripción del Subservicio 15-6,Subservicio
15-7,Subservicio 15-7,Descripción del Subservicio 15-7,Subservicio
15-8,Subservicio 15-8,Descripción del Subservicio 15-8,Subservicio
15-9,Subservicio 15-9,Descripción del Subservicio 15-9,Subservicio
15-10,Subservicio 15-10,Descripción del Subservicio 15-10,Subservicio
16,Servicio 16,Descripción del Servicio 16,Servicio
16-1,Subservicio 16-1,Descripción del Subservicio 16-1,Subservicio
16-2,Subservicio 16-2,Descripción del Subservicio 16-2,Subservicio
16-3,Subservicio 16-3,Descripción del Subservicio 16-3,Subservicio
16-4,Subservicio 16-4,Descripción del Subservicio 16-4,Subservicio
16-5,Subservicio 16-5,Descripción del Subservicio 16-5,Subservicio
16-6,Subservicio 16-6,Descripción del Subservicio 16-6,Subservicio
16-7,Subservicio 16-7,Descripción del Subservicio 16-7,Subservicio
16-8,Subservicio 16-8,Descripción del Subservicio 16-8,Subservicio
16-9,Subservicio 16-9,Descripción del Subservicio 16-9,Subservicio
16-10,Subservicio 16-10,Descripción del Subservicio 16-10,Subservicio
17,Servicio 17,Descripción del Servicio 17,Servicio
17-1,Subservicio 17-1,Descripción del Subservicio 17-1,Subservicio
17-2,Subservicio 17-2,Descripción del Subservicio 17-2,Subservicio
17-3,Subservicio 17-3,Descripción del Subservicio 17-3,Subservicio
17-4,Subservicio 17-4,Descripción del Subservicio 17-4,Subservicio
17-5,Subservicio 17-5,Descripción del Subservicio 17-5,Subservicio
17-6,Subservicio 17-6,Descripción del Subservicio 17-6,Subservicio
17-7,Subservicio 17-7,Descripción del Subservicio 17-7,Subservicio
17-8,Subservicio 17-8,Descripción del Subservicio 17-8,Subservicio
17-9,Subservicio 17-9,Descripción del Subservicio 17-9,Subservicio
17-10,Subservicio 17-10,Descripción del Subservicio 17-10,Subservicio
18,Servicio 18,Descripción del Servicio 18,Servicio
18-1,Subservicio 18-1,Descripción del Subservicio 18-1,Subservicio
18-2,Subservicio 18-2,Descripción del Subservicio 18-2,Subservicio
18-3,Subservicio 18-3,Descripción del Subservicio 18-3,Subservicio
18-4,Subservicio 18-4,Descripción del Subservicio 18-4,Subservicio
18-5,Subservicio 18-5,Descripción del Subservicio 18-5,Subservicio
18-6,Subservicio 18-6,Descripción del Subservicio 18-6,Subservicio
18-7,Subservicio 18-7,Descripción del Subservicio 18-7,Subservicio
18-8,Subservicio 18-8,Descripción del Subservicio 18-8,Subservicio
18-9,Subservicio 18-9,Descripción del Subservicio 18-9,Subservicio
18-10,Subservicio 18-10,Descripción del Subservicio 18-10,Subservicio
19,Servicio 19,Descripción del Servicio 19,Servicio
19-1,Subservicio 19-1,Descripción del Subservicio 19-1,Subservicio
19-2,Subservicio 19-2,Descripción del Subservicio 19-2,Subservicio
19-3,Subservicio 19-3,Descripción del Subservicio 19-3,Subservicio
19-4,Subservicio 19-4,Descripción del Subservicio 19-4,Subservicio
19-5,Subservicio 19-5,Descripción del Subservicio 19-5,Subservicio
19-6,Subservicio 19-6,Descripción del Subservicio 19-6,Subservicio
19-7,Subservicio 19-7,Descripción del Subservicio 19-7,Subservicio
19-8,Subservicio 19-8,Descripción del Subservicio 19-8,Subservicio
19-9,Subservicio 19-9,Descripción del Subservicio 19-9,Subservicio
19-10,Subservicio 19-10,Descripción del Subservicio 19-10,Subservicio
20,Servicio 20,Descripción del Servicio 20,Servicio
20-1,Subservicio 20-1,Descripción del Subservicio 20-1,Subservicio
20-2,Subservicio 20-2,Descripción del Subservicio 20-2,Subservicio
20-3,Subservicio 20-3,Descripción del Subservicio 20-3,Subservicio
20-4,Subservicio 20-4,Descripción del Subservicio 20-4,Subservicio
20-5,Subservicio 20-5,Descripción del Subservicio 20-5,Subservicio
20-6,Subservicio 20-6,Descripción del Subservicio 20-6,Subservicio
20-7,Subservicio 20-7,Descripción del Subservicio 20-7,Subservicio
20-8,Subservicio 20-8,Descripción del Subservicio 20-8,Subservicio
20-9,Subservicio 20-9,Descripción del Subservicio 20-9,Subservicio
20-10,Subservicio 20-10,Descripción del Subservicio 20-10,Subservicio
21,Servicio 21,Descripción del Servicio 21,Servicio
21-1,Subservicio 21-1,Descripción del Subservicio 21-1,Subservicio
21-2,Subservicio 21-2,Descripción del Subservicio 21-2,Subservicio
21-3,Subservicio 21-3,Descripción del Subservicio 21-3,Subservicio
21-4,Subservicio 21-4,Descripción del Subservicio 21-4,Subservicio
21-5,Subservicio 21-5,Descripción del Subservicio 21-5,Subservicio
21-6,Subservicio 21-6,Descripción del Subservicio 21-6,Subservicio
21-7,Subservicio 21-7,Descripción del Subservicio 21-7,Subservicio
21-8,Subservicio 21-8,Descripción del Subservicio 21-8,Subservicio
21-9,Subservicio 21-9,Descripción del Subservicio 21-9,Subservicio
21-10,Subservicio 21-10,Descripción del Subservicio 21-10,Subservicio
22,Servicio 22,Descripción del Servicio 22,Servicio
22-1,Subservicio 22-1,Descripción del Subservicio 22-1,Subservicio
22-2,Subservicio 22-2,Descripción del Subservicio 22-2,Subservicio
22-3,Subservicio 22-3,Descripción del Subservicio 22-3,Subservicio
22-4,Subservicio 22-4,Descripción del Subservicio 22-4,Subservicio
22-5,Subservicio 22-5,Descripción del Subservicio 22-5,Subservicio
22-6,Subservicio 22-6,Descripción del Subservicio 22-6,Subservicio
22-7,Subservicio 22-7,Descripción del Subservicio 22-7,Subservicio
22-8,Subservicio 22-8,Descripción del Subservicio 22-8,Subservicio
22-9,Subservicio 22-9,Descripción del Subservicio 22-9,Subservicio
22-10,Subservicio 22-10,Descripción del Subservicio 22-10,Subservicio
23,Servicio 23,Descripción del Servicio 23,Servicio
23-1,Subservicio 23-1,Descripción del Subservicio 23-1,Subservicio
23-2,Subservicio 23-2,Descripción del Subservicio 23-2,Subservicio
23-3,Subservicio 23-3,Descripción del Subservicio 23-3,Subservicio
23-4,Subservicio 23-4,Descripción del Subservicio 23-4,Subservicio
23-5,Subservicio 23-5,Descripción del Subservicio 23-5,Subservicio
23-6,Subservicio 23-6,Descripción del Subservicio 23-6,Subservicio
23-7,Subservicio 23-7,Descripción del Subservicio 23-7,Subservicio
23-8,Subservicio 23-8,Descripción del Subservicio 23-8,Subservicio
23-9,Subservicio 23-9,Descripción del Subservicio 23-9,Subservicio
23-10,Subservicio 23-10,Descripción del Subservicio 23-10,Subservicio
24,Servicio 24,Descripción del Servicio 24,Servicio
24-1,Subservicio 24-1,Descripción del Subservicio 24-1,Subservicio
24-2,Subservicio 24-2,Descripción del Subservicio 24-2,Subservicio
24-3,Subservicio 24-3,Descripción del Subservicio 24-3,Subservicio
24-4,Subservicio 24-4,Descripción del Subservicio 24-4,Subservicio
24-5,Subservicio 24-5,Descripción del Subservicio 24-5,Subservicio
24-6,Subservicio 24-6,Descripción del Subservicio 24-6,Subservicio
24-7,Subservicio 24-7,Descripción del Subservicio 24-7,Subservicio
24-8,Subservicio 24-8,Descripción del Subservicio 24-8,Subservicio
24-9,Subservicio 24-9,Descripción del Subservicio 24-9,Subservicio
24-10,Subservicio 24-10,Descripción del Subservicio 24-10,Subservicio
25,Servicio 25,Descripción del Servicio 25,Servicio
25-1,Subservicio 25-1,Descripción del Subservicio 25-1,Subservicio
25-2,Subservicio 25-2,Descripción del Subservicio 25-2,Subservicio
25-3,Subservicio 25-3,Descripción del Subservicio 25-3,Subservicio
25-4,Subservicio 25-4,Descripción del Subservicio 25-4,Subservicio
25-5,Subservicio 25-5,Descripción del Subservicio 25-5,Subservicio
25-6,Subservicio 25-6,Descripción del Subservicio 25-6,Subservicio
25-7,Subservicio 25-7,Descripción del Subservicio 25-7,Subservicio
25-8,Subservicio 25-8,Descripción del Subservicio 25-8,Subservicio
25-9,Subservicio 25-9,Descripción del Subservicio 25-9,Subservicio
25-10,Subservicio 25-10,Descripción del Subservicio 25-10,Subservicio
26,Servicio 26,Descripción del Servicio 26,Servicio
26-1,Subservicio 26-1,Descripción del Subservicio 26-1,Subservicio
26-2,Subservicio 26-2,Descripción del Subservicio 26-2,Subservicio
26-3,Subservicio 26-3,Descripción del Subservicio 26-3,Subservicio
26-4,Subservicio 26-4,Descripción del Subservicio 26-4,Subservicio
26-5,Subservicio 26-5,Descripción del Subservicio 26-5,Subservicio
26-6,Subservicio 26-6,Descripción del Subservicio 26-6,Subservicio
26-7,Subservicio 26-7,Descripción del Subservicio 26-7,Subservicio
26-8,Subservicio 26-8,Descripción del Subservicio 26-8,Subservicio
26-9,Subservicio 26-9,Descripción del Subservicio 26-9,Subservicio
26-10,Subservicio 26-10,Descripción del Subservicio 26-10,Subservicio
27,Servicio 27,Descripción del Servicio 27,Servicio
27-1,Subservicio 27-1,Descripción del Subservicio 27-1,Subservicio
27-2,Subservicio 27-2,Descripción del Subservicio 27-2,Subservicio
27-3,Subservicio 27-3,Descripción del Subservicio 27-3,Subservicio
27-4,Subservicio 27-4,Descripción del Subservicio 27-4,Subservicio
27-5,Subservicio 27-5,Descripción del Subservicio 27-5,Subservicio
27-6,Subservicio 27-6,Descripción del Subservicio 27-6,Subservicio
27-7,Subservicio 27-7,Descripción del Subservicio 27-7,Subservicio
27-8,Subservicio 27-8,Descripción del Subservicio 27-8,Subservicio
27-9,Subservicio 27-9,Descripción del Subservicio 27-9,Subservicio
27-10,Subservicio 27-10,Descripción del Subservicio 27-10,Subservicio
28,Servicio 28,Descripción del Servicio 28,Servicio
28-1,Subservicio 28-1,Descripción del Subservicio 28-1,Subservicio
28-2,Subservicio 28-2,Descripción del Subservicio 28-2,Subservicio
28-3,Subservicio 28-3,Descripción del Subservicio 28-3,Subservicio
28-4,Subservicio 28-4,Descripción del Subservicio 28-4,Subservicio
28-5,Subservicio 28-5,Descripción del Subservicio 28-5,Subservicio
28-6,Subservicio 28-6,Descripción del Subservicio 28-6,Subservicio
28-7,Subservicio 28-7,Descripción del Subservicio 28-7,Subservicio
28-8,Subservicio 28-8,Descripción del Subservicio 28-8,Subservicio
28-9,Subservicio 28-9,Descripción del Subservicio 28-9,Subservicio
28-10,Subservicio 28-10,Descripción del Subservicio 28-10,Subservicio
29,Servicio 29,Descripción del Servicio 29,Servicio
29-1,Subservicio 29-1,Descripción del Subservicio 29-1,Subservicio
29-2,Subservicio 29-2,Descripción del Subservicio 29-2,Subservicio
29-3,Subservicio 29-3,Descripción del Subservicio 29-3,Subservicio
29-4,Subservicio 29-4,Descripción del Subservicio 29-4,Subservicio
29-5,Subservicio 29-5,Descripción del Subservicio 29-5,Subservicio
29-6,Subservicio 29-6,Descripción del Subservicio 29-6,Subservicio
29-7,Subservicio 29-7,Descripción del Subservicio 29-7,Subservicio
29-8,Subservicio 29-8,Descripción del Subservicio 29-8,Subservicio
29-9,Subservicio 29-9,Descripción del Subservicio 29-9,Subservicio
29-10,Subservicio 29-10,Descripción del Subservicio 29-10,Subservicio
30,Servicio 30,Descripción del Servicio 30,Servicio
30-1,Subservicio 30-1,Descripción del Subservicio 30-1,Subservicio
30-2,Subservicio 30-2,Descripción del Subservicio 30-2,Subservicio
30-3,Subservicio 30-3,Descripción del Subservicio 30-3,Subservicio
30-4,Subservicio 30-4,Descripción del Subservicio 30-4,Subservicio
30-5,Subservicio 30-5,Descripción del Subservicio 30-5,Subservicio
30-6,Subservicio 30-6,Descripción del Subservicio 30-6,Subservicio
30-7,Subservicio 30-7,Descripción del Subservicio 30-7,Subservicio
30-8,Subservicio 30-8,Descripción del Subservicio 30-8,Subservicio
30-9,Subservicio 30-9,Descripción del Subservicio 30-9,Subservicio
30-10,Subservicio 30-10,Descripción del Subservicio 30-10,Subservicio
31,Servicio 31,Descripción del Servicio 31,Servicio
31-1,Subservicio 31-1,Descripción del Subservicio 31-1,Subservicio
31-2,Subservicio 31-2,Descripción del Subservicio 31-2,Subservicio
31-3,Subservicio 31-3,Descripción del Subservicio 31-3,Subservicio
31-4,Subservicio 31-4,Descripción del Subservicio 31-4,Subservicio
31-5,Subservicio 31-5,Descripción del Subservicio 31-5,Subservicio
31-6,Subservicio 31-6,Descripción del Subservicio 31-6,Subservicio
31-7,Subservicio 31-7,Descripción del Subservicio 31-7,Subservicio
31-8,Subservicio 31-8,Descripción del Subservicio 31-8,Subservicio
31-9,Subservicio 31-9,Descripción del Subservicio 31-9,Subservicio
31-10,Subservicio 31-10,Descripción del Subservicio 31-10,Subservicio
32,Servicio 32,Descripción del Servicio 32,Servicio
32-1,Subservicio 32-1,Descripción del Subservicio 32-1,Subservicio
32-2,Subservicio 32-2,Descripción del Subservicio 32-2,Subservicio
32-3,Subservicio 32-3,Descripción del Subservicio 32-3,Subservicio
32-4,Subservicio 32-4,Descripción del Subservicio 32-4,Subservicio
32-5,Subservicio 32-5,Descripción del Subservicio 32-5,Subservicio
32-6,Subservicio 32-6,Descripción del Subservicio 32-6,Subservicio
32-7,Subservicio 32-7,Descripción del Subservicio 32-7,Subservicio
32-8,Subservicio 32-8,Descripción del Subservicio 32-8,Subservicio
32-9,Subservicio 32-9,Descripción del Subservicio 32-9,Subservicio
32-10,Subservicio 32-10,Descripción del Subservicio 32-10,Subservicio
33,Servicio 33,Descripción del Servicio 33,Servicio
33-1,Subservicio 33-1,Descripción del Subservicio 33-1,Subservicio
33-2,Subservicio 33-2,Descripción del Subservicio 33-2,Subservicio
33-3,Subservicio 33-3,Descripción del Subservicio 33-3,Subservicio
33-4,Subservicio 33-4,Descripción del Subservicio 33-4,Subservicio
33-5,Subservicio 33-5,Descripción del Subservicio 33-5,Subservicio
33-6,Subservicio 33-6,Descripción del Subservicio 33-6,Subservicio
33-7,Subservicio 33-7,Descripción del Subservicio 33-7,Subservicio
33-8,Subservicio 33-8,Descripción del Subservicio 33-8,Subservicio
33-9,Subservicio 33-9,Descripción del Subservicio 33-9,Subservicio
33-10,Subservicio 33-10,Descripción del Subservicio 33-10,Subservicio
34,Servicio 34,Descripción del Servicio 34,Servicio
34-1,Subservicio 34-1,Descripción del Subservicio 34-1,Subservicio
34-2,Subservicio 34-2,Descripción del Subservicio 34-2,Subservicio
34-3,Subservicio 34-3,Descripción del Subservicio 34-3,Subservicio
34-4,Subservicio 34-4,Descripción del Subservicio 34-4,Subservicio
34-5,Subservicio 34-5,Descripción del Subservicio 34-5,Subservicio
34-6,Subservicio 34-6,Descripción del Subservicio 34-6,Subservicio
34-7,Subservicio 34-7,Descripción del Subservicio 34-7,Subservicio
34-8,Subservicio 34-8,Descripción del Subservicio 34-8,Subservicio
34-9,Subservicio 34-9,Descripción del Subservicio 34-9,Subservicio
34-10,Subservicio 34-10,Descripción del Subservicio 34-10,Subservicio
35,Servicio 35,Descripción del Servicio 35,Servicio
35-1,Subservicio 35-1,Descripción del Subservicio 35-1,Subservicio
35-2,Subservicio 35-2,Descripción del Subservicio 35-2,Subservicio
35-3,Subservicio 35-3,Descripción del Subservicio 35-3,Subservicio
35-4,Subservicio 35-4,Descripción del Subservicio 35-4,Subservicio
35-5,Subservicio 35-5,Descripción del Subservicio 35-5,Subservicio
35-6,Subservicio 35-6,Descripción del Subservicio 35-6,Subservicio
35-7,Subservicio 35-7,Descripción del Subservicio 35-7,Subservicio
35-8,Subservicio 35-8,Descripción del Subservicio 35-8,Subservicio
35-9,Subservicio 35-9,Descripción del Subservicio 35-9,Subservicio
35-10,Subservicio 35-10,Descripción del Subservicio 35-10,Subservicio
36,Servicio 36,Descripción del Servicio 36,Servicio
36-1,Subservicio 36-1,Descripción del Subservicio 36-1,Subservicio
36-2,Subservicio 36-2,Descripción del Subservicio 36-2,Subservicio
36-3,Subservicio 36-3,Descripción del Subservicio 36-3,Subservicio
36-4,Subservicio 36-4,Descripción del Subservicio 36-4,Subservicio
36-5,Subservicio 36-5,Descripción del Subservicio 36-5,Subservicio
36-6,Subservicio 36-6,Descripción del Subservicio 36-6,Subservicio
36-7,Subservicio 36-7,Descripción del Subservicio 36-7,Subservicio
36-8,Subservicio 36-8,Descripción del Subservicio 36-8,Subservicio
36-9,Subservicio 36-9,Descripción del Subservicio 36-9,Subservicio
36-10,Subservicio 36-10,Descripción del Subservicio 36-10,Subservicio
37,Servicio 37,Descripción del Servicio 37,Servicio
37-1,Subservicio 37-1,Descripción del Subservicio 37-1,Subservicio
37-2,Subservicio 37-2,Descripción del Subservicio 37-2,Subservicio
37-3,Subservicio 37-3,Descripción del Subservicio 37-3,Subservicio
37-4,Subservicio 37-4,Descripción del Subservicio 37-4,Subservicio
37-5,Subservicio 37-5,Descripción del Subservicio 37-5,Subservicio
37-6,Subservicio 37-6,Descripción del Subservicio 37-6,Subservicio
37-7,Subservicio 37-7,Descripción del Subservicio 37-7,Subservicio
37-8,Subservicio 37-8,Descripción del Subservicio 37-8,Subservicio
37-9,Subservicio 37-9,Descripción del Subservicio 37-9,Subservicio
37-10,Subservicio 37-10,Descripción del Subservicio 37-10,Subservicio
38,Servicio 38,Descripción del Servicio 38,Servicio
38-1,Subservicio 38-1,Descripción del Subservicio 38-1,Subservicio
38-2,Subservicio 38-2,Descripción del Subservicio 38-2,Subservicio
38-3,Subservicio 38-3,Descripción del Subservicio 38-3,Subservicio
38-4,Subservicio 38-4,Descripción del Subservicio 38-4,Subservicio
38-5,Subservicio 38-5,Descripción del Subservicio 38-5,Subservicio
38-6,Subservicio 38-6,Descripción del Subservicio 38-6,Subservicio
38-7,Subservicio 38-7,Descripción del Subservicio 38-7,Subservicio
38-8,Subservicio 38-8,Descripción del Subservicio 38-8,Subservicio
38-9,Subservicio 38-9,Descripción del Subservicio 38-9,Subservicio
38-10,Subservicio 38-10,Descripción del Subservicio 38-10,Subservicio
39,Servicio 39,Descripción del Servicio 39,Servicio
39-1,Subservicio 39-1,Descripción del Subservicio 39-1,Subservicio
39-2,Subservicio 39-2,Descripción del Subservicio 39-2,Subservicio
39-3,Subservicio 39-3,Descripción del Subservicio 39-3,Subservicio
39-4,Subservicio 39-4,Descripción del Subservicio 39-4,Subservicio
39-5,Subservicio 39-5,Descripción del Subservicio 39-5,Subservicio
39-6,Subservicio 39-6,Descripción del Subservicio 39-6,Subservicio
39-7,Subservicio 39-7,Descripción del Subservicio 39-7,Subservicio
39-8,Subservicio 39-8,Descripción del Subservicio 39-8,Subservicio
39-9,Subservicio 39-9,Descripción del Subservicio 39-9,Subservicio
39-10,Subservicio 39-10,Descripción del Subservicio 39-10,Subservicio
40,Servicio 40,Descripción del Servicio 40,Servicio
40-1,Subservicio 40-1,Descripción del Subservicio 40-1,Subservicio
40-2,Subservicio 40-2,Descripción del Subservicio 40-2,Subservicio
40-3,Subservicio 40-3,Descripción del Subservicio 40-3,Subservicio
40-4,Subservicio 40-4,Descripción del Subservicio 40-4,Subservicio
40-5,Subservicio 40-5,Descripción del Subservicio 40-5,Subservicio
40-6,Subservicio 40-6,Descripción del Subservicio 40-6,Subservicio
40-7,Subservicio 40-7,Descripción del Subservicio 40-7,Subservicio
40-8,Subservicio 40-8,Descripción del Subservicio 40-8,Subservicio
40-9,Subservicio 40-9,Descripción del Subservicio 40-9,Subservicio
40-10,Subservicio 40-10,Descripción del Subservicio 40-10,Subservicio
41,Servicio 41,Descripción del Servicio 41,Servicio
41-1,Subservicio 41-1,Descripción del Subservicio 41-1,Subservicio
41-2,Subservicio 41-2,Descripción del Subservicio 41-2,Subservicio
41-3,Subservicio 41-3,Descripción del Subservicio 41-3,Subservicio
41-4,Subservicio 41-4,Descripción del Subservicio 41-4,Subservicio
41-5,Subservicio 41-5,Descripción del Subservicio 41-5,Subservicio
41-6,Subservicio 41-6,Descripción del Subservicio 41-6,Subservicio
41-7,Subservicio 41-7,Descripción del Subservicio 41-7,Subservicio
41-8,Subservicio 41-8,Descripción del Subservicio 41-8,Subservicio
41-9,Subservicio 41-9,Descripción del Subservicio 41-9,Subservicio
41-10,Subservicio 41-10,Descripción del Subservicio 41-10,Subservicio
42,Servicio 42,Descripción del Servicio 42,Servicio
42-1,Subservicio 42-1,Descripción del Subservicio 42-1,Subservicio
42-2,Subservicio 42-2,Descripción del Subservicio 42-2,Subservicio
42-3,Subservicio 42-3,Descripción del Subservicio 42-3,Subservicio
42-4,Subservicio 42-4,Descripción del Subservicio 42-4,Subservicio
42-5,Subservicio 42-5,Descripción del Subservicio 42-5,Subservicio
42-6,Subservicio 42-6,Descripción del Subservicio 42-6,Subservicio
42-7,Subservicio 42-7,Descripción del Subservicio 42-7,Subservicio
42-8,Subservicio 42-8,Descripción del Subservicio 42-8,Subservicio
42-9,Subservicio 42-9,Descripción del Subservicio 42-9,Subservicio
42-10,Subservicio 42-10,Descripción del Subservicio 42-10,Subservicio
43,Servicio 43,Descripción del Servicio 43,Servicio
43-1,Subservicio 43-1,Descripción del Subservicio 43-1,Subservicio
43-2,Subservicio 43-2,Descripción del Subservicio 43-2,Subservicio
43-3,Subservicio 43-3,Descripción del Subservicio 43-3,Subservicio
43-4,Subservicio 43-4,Descripción del Subservicio 43-4,Subservicio
43-5,Subservicio 43-5,Descripción del Subservicio 43-5,Subservicio
43-6,Subservicio 43-6,Descripción del Subservicio 43-6,Subservicio
43-7,Subservicio 43-7,Descripción del Subservicio 43-7,Subservicio
43-8,Subservicio 43-8,Descripción del Subservicio 43-8,Subservicio
43-9,Subservicio 43-9,Descripción del Subservicio 43-9,Subservicio
43-10,Subservicio 43-10,Descripción del Subservicio 43-10,Subservicio
44,Servicio 44,Descripción del Servicio 44,Servicio
44-1,Subservicio 44-1,Descripción del Subservicio 44-1,Subservicio
44-2,Subservicio 44-2,Descripción del Subservicio 44-2,Subservicio
44-3,Subservicio 44-3,Descripción del Subservicio 44-3,Subservicio
44-4,Subservicio 44-4,Descripción del Subservicio 44-4,Subservicio
44-5,Subservicio 44-5,Descripción del Subservicio 44-5,Subservicio
44-6,Subservicio 44-6,Descripción del Subservicio 44-6,Subservicio
44-7,Subservicio 44-7,Descripción del Subservicio 44-7,Subservicio
44-8,Subservicio 44-8,Descripción del Subservicio 44-8,Subservicio
44-9,Subservicio 44-9,Descripción del Subservicio 44-9,Subservicio
44-10,Subservicio 44-10,Descripción del Subservicio 44-10,Subservicio
45,Servicio 45,Descripción del Servicio 45,Servicio
45-1,Subservicio 45-1,Descripción del Subservicio 45-1,Subservicio
45-2,Subservicio 45-2,Descripción del Subservicio 45-2,Subservicio
45-3,Subservicio 45-3,Descripción del Subservicio 45-3,Subservicio
45-4,Subservicio 45-4,Descripción del Subservicio 45-4,Subservicio
45-5,Subservicio 45-5,Descripción del Subservicio 45-5,Subservicio
45-6,Subservicio 45-6,Descripción del Subservicio 45-6,Subservicio
45-7,Subservicio 45-7,Descripción del Subservicio 45-7,Subservicio
45-8,Subservicio 45-8,Descripción del Subservicio 45-8,Subservicio
45-9,Subservicio 45-9,Descripción del Subservicio 45-9,Subservicio
45-10,Subservicio 45-10,Descripción del Subservicio 45-10,Subservicio
46,Servicio 46,Descripción del Servicio 46,Servicio
46-1,Subservicio 46-1,Descripción del Subservicio 46-1,Subservicio
46-2,Subservicio 46-2,Descripción del Subservicio 46-2,Subservicio
46-3,Subservicio 46-3,Descripción del Subservicio 46-3,Subservicio
46-4,Subservicio 46-4,Descripción del Subservicio 46-4,Subservicio
46-5,Subservicio 46-5,Descripción del Subservicio 46-5,Subservicio
46-6,Subservicio 46-6,Descripción del Subservicio 46-6,Subservicio
46-7,Subservicio 46-7,Descripción del Subservicio 46-7,Subservicio
46-8,Subservicio 46-8,Descripción del Subservicio 46-8,Subservicio
46-9,Subservicio 46-9,Descripción del Subservicio 46-9,Subservicio
46-10,Subservicio 46-10,Descripción del Subservicio 46-10,Subservicio
47,Servicio 47,Descripción del Servicio 47,Servicio
47-1,Subservicio 47-1,Descripción del Subservicio 47-1,Subservicio
47-2,Subservicio 47-2,Descripción del Subservicio 47-2,Subservicio
47-3,Subservicio 47-3,Descripción del Subservicio 47-3,Subservicio
47-4,Subservicio 47-4,Descripción del Subservicio 47-4,Subservicio
47-5,Subservicio 47-5,Descripción del Subservicio 47-5,Subservicio
47-6,Subservicio 47-6,Descripción del Subservicio 47-6,Subservicio
47-7,Subservicio 47-7,Descripción del Subservicio 47-7,Subservicio
47-8,Subservicio 47-8,Descripción del Subservicio 47-8,Subservicio
47-9,Subservicio 47-9,Descripción del Subservicio 47-9,Subservicio
47-10,Subservicio 47-10,Descripción del Subservicio 47-10,Subservicio
48,Servicio 48,Descripción del Servicio 48,Servicio
48-1,Subservicio 48-1,Descripción del Subservicio 48-1,Subservicio
48-2,Subservicio 48-2,Descripción del Subservicio 48-2,Subservicio
48-3,Subservicio 48-3,Descripción del Subservicio 48-3,Subservicio
48-4,Subservicio 48-4,Descripción del Subservicio 48-4,Subservicio
48-5,Subservicio 48-5,Descripción del Subservicio 48-5,Subservicio
48-6,Subservicio 48-6,Descripción del Subservicio 48-6,Subservicio
48-7,Subservicio 48-7,Descripción del Subservicio 48-7,Subservicio
48-8,Subservicio 48-8,Descripción del Subservicio 48-8,Subservicio
48-9,Subservicio 48-9,Descripción del Subservicio 48-9,Subservicio
48-10,Subservicio 48-10,Descripción del Subservicio 48-10,Subservicio
49,Servicio 49,Descripción del Servicio 49,Servicio
49-1,Subservicio 49-1,Descripción del Subservicio 49-1,Subservicio
49-2,Subservicio 49-2,Descripción del Subservicio 49-2,Subservicio
49-3,Subservicio 49-3,Descripción del Subservicio 49-3,Subservicio
49-4,Subservicio 49-4,Descripción del Subservicio 49-4,Subservicio
49-5,Subservicio 49-5,Descripción del Subservicio 49-5,Subservicio
49-6,Subservicio 49-6,Descripción del Subservicio 49-6,Subservicio
49-7,Subservicio 49-7,Descripción del Subservicio 49-7,Subservicio
49-8,Subservicio 49-8,Descripción del Subservicio 49-8,Subservicio
49-9,Subservicio 49-9,Descripción del Subservicio 49-9,Subservicio
49-10,Subservicio 49-10,Descripción del Subservicio 49-10,Subservicio
50,Servicio 50,Descripción del Servicio 50,Servicio
50-1,Subservicio 50-1,Descripción del Subservicio 50-1,Subservicio
50-2,Subservicio 50-2,Descripción del Subservicio 50-2,Subservicio
50-3,Subservicio 50-3,Descripción del Subservicio 50-3,Subservicio
50-4,Subservicio 50-4,Descripción del Subservicio 50-4,Subservicio
50-5,Subservicio 50-5,Descripción del Subservicio 50-5,Subservicio
50-6,Subservicio 50-6,Descripción del Subservicio 50-6,Subservicio
50-7,Subservicio 50-7,Descripción del Subservicio 50-7,Subservicio
50-8,Subservicio 50-8,Descripción del Subservicio 50-8,Subservicio
50-9,Subservicio 50-9,Descripción del Subservicio 50-9,Subservicio
50-10,Subservicio 50-10,Descripción del Subservicio 50-10,Subservicio
51,Servicio 51,Descripción del Servicio 51,Servicio
51-1,Subservicio 51-1,Descripción del Subservicio 51-1,Subservicio
51-2,Subservicio 51-2,Descripción del Subservicio 51-2,Subservicio
51-3,Subservicio 51-3,Descripción del Subservicio 51-3,Subservicio
51-4,Subservicio 51-4,Descripción del Subservicio 51-4,Subservicio
51-5,Subservicio 51-5,Descripción del Subservicio 51-5,Subservicio
51-6,Subservicio 51-6,Descripción del Subservicio 51-6,Subservicio
51-7,Subservicio 51-7,Descripción del Subservicio 51-7,Subservicio
51-8,Subservicio 51-8,Descripción del Subservicio 51-8,Subservicio
51-9,Subservicio 51-9,Descripción del Subservicio 51-9,Subservicio
51-10,Subservicio 51-10,Descripción del Subservicio 51-10,Subservicio
52,Servicio 52,Descripción del Servicio 52,Servicio
52-1,Subservicio 52-1,Descripción del Subservicio 52-1,Subservicio
52-2,Subservicio 52-2,Descripción del Subservicio 52-2,Subservicio
52-3,Subservicio 52-3,Descripción del Subservicio 52-3,Subservicio
52-4,Subservicio 52-4,Descripción del Subservicio 52-4,Subservicio
52-5,Subservicio 52-5,Descripción del Subservicio 52-5,Subservicio
52-6,Subservicio 52-6,Descripción del Subservicio 52-6,Subservicio
52-7,Subservicio 52-7,Descripción del Subservicio 52-7,Subservicio
52-8,Subservicio 52-8,Descripción del Subservicio 52-8,Subservicio
52-9,Subservicio 52-9,Descripción del Subservicio 52-9,Subservicio
52-10,Subservicio 52-10,Descripción del Subservicio 52-10,Subservicio
53,Servicio 53,Descripción del Servicio 53,Servicio
53-1,Subservicio 53-1,Descripción del Subservicio 53-1,Subservicio
53-2,Subservicio 53-2,Descripción del Subservicio 53-2,Subservicio
53-3,Subservicio 53-3,Descripción del Subservicio 53-3,Subservicio
53-4,Subservicio 53-4,Descripción del Subservicio 53-4,Subservicio
53-5,Subservicio 53-5,Descripción del Subservicio 53-5,Subservicio
53-6,Subservicio 53-6,Descripción del Subservicio 53-6,Subservicio
53-7,Subservicio 53-7,Descripción del Subservicio 53-7,Subservicio
53-8,Subservicio 53-8,Descripción del Subservicio 53-8,Subservicio
53-9,Subservicio 53-9,Descripción del Subservicio 53-9,Subservicio
53-10,Subservicio 53-10,Descripción del Subservicio 53-10,Subservicio
54,Servicio 54,Descripción del Servicio 54,Servicio
54-1,Subservicio 54-1,Descripción del Subservicio 54-1,Subservicio
54-2,Subservicio 54-2,Descripción del Subservicio 54-2,Subservicio
54-3,Subservicio 54-3,Descripción del Subservicio 54-3,Subservicio
54-4,Subservicio 54-4,Descripción del Subservicio 54-4,Subservicio
54-5,Subservicio 54-5,Descripción del Subservicio 54-5,Subservicio
54-6,Subservicio 54-6,Descripción del Subservicio 54-6,Subservicio
54-7,Subservicio 54-7,Descripción del Subservicio 54-7,Subservicio
54-8,Subservicio 54-8,Descripción del Subservicio 54-8,Subservicio
54-9,Subservicio 54-9,Descripción del Subservicio 54-9,Subservicio
54-10,Subservicio 54-10,Descripción del Subservicio 54-10,Subservicio
55,Servicio 55,Descripción del Servicio 55,Servicio
55-1,Subservicio 55-1,Descripción del Subservicio 55-1,Subservicio
55-2,Subservicio 55-2,Descripción del Subservicio 55-2,Subservicio
55-3,Subservicio 55-3,Descripción del Subservicio 55-3,Subservicio
55-4,Subservicio 55-4,Descripción del Subservicio 55-4,Subservicio
55-5,Subservicio 55-5,Descripción del Subservicio 55-5,Subservicio
55-6,Subservicio 55-6,Descripción del Subservicio 55-6,Subservicio
55-7,Subservicio 55-7,Descripción del Subservicio 55-7,Subservicio
55-8,Subservicio 55-8,Descripción del Subservicio 55-8,Subservicio
55-9,Subservicio 55-9,Descripción del Subservicio 55-9,Subservicio
55-10,Subservicio 55-10,Descripción del Subservicio 55-10,Subservicio
56,Servicio 56,Descripción del Servicio 56,Servicio
56-1,Subservicio 56-1,Descripción del Subservicio 56-1,Subservicio
56-2,Subservicio 56-2,Descripción del Subservicio 56-2,Subservicio
56-3,Subservicio 56-3,Descripción del Subservicio 56-3,Subservicio
56-4,Subservicio 56-4,Descripción del Subservicio 56-4,Subservicio
56-5,Subservicio 56-5,Descripción del Subservicio 56-5,Subservicio
56-6,Subservicio 56-6,Descripción del Subservicio 56-6,Subservicio
56-7,Subservicio 56-7,Descripción del Subservicio 56-7,Subservicio
56-8,Subservicio 56-8,Descripción del Subservicio 56-8,Subservicio
56-9,Subservicio 56-9,Descripción del Subservicio 56-9,Subservicio
56-10,Subservicio 56-10,Descripción del Subservicio 56-10,Subservicio
57,Servicio 57,Descripción del Servicio 57,Servicio
57-1,Subservicio 57-1,Descripción del Subservicio 57-1,Subservicio
57-2,Subservicio 57-2,Descripción del Subservicio 57-2,Subservicio
57-3,Subservicio 57-3,Descripción del Subservicio 57-3,Subservicio
57-4,Subservicio 57-4,Descripción del Subservicio 57-4,Subservicio
57-5,Subservicio 57-5,Descripción del Subservicio 57-5,Subservicio
57-6,Subservicio 57-6,Descripción del Subservicio 57-6,Subservicio
57-7,Subservicio 57-7,Descripción del Subservicio 57-7,Subservicio
57-8,Subservicio 57-8,Descripción del Subservicio 57-8,Subservicio
57-9,Subservicio 57-9,Descripción del Subservicio 57-9,Subservicio
57-10,Subservicio 57-10,Descripción del Subservicio 57-10,Subservicio
58,Servicio 58,Descripción del Servicio 58,Servicio
58-1,Subservicio 58-1,Descripción del Subservicio 58-1,Subservicio
58-2,Subservicio 58-2,Descripción del Subservicio 58-2,Subservicio
58-3,Subservicio 58-3,Descripción del Subservicio 58-3,Subservicio
58-4,Subservicio 58-4,Descripción del Subservicio 58-4,Subservicio
58-5,Subservicio 58-5,Descripción del Subservicio 58-5,Subservicio
58-6,Subservicio 58-6,Descripción del Subservicio 58-6,Subservicio
58-7,Subservicio 58-7,Descripción del Subservicio 58-7,Subservicio
58-8,Subservicio 58-8,Descripción del Subservicio 58-8,Subservicio
58-9,Subservicio 58-9,Descripción del Subservicio 58-9,Subservicio
58-10,Subservicio 58-10,Descripción del Subservicio 58-10,Subservicio
59,Servicio 59,Descripción del Servicio 59,Servicio
59-1,Subservicio 59-1,Descripción del Subservicio 59-1,Subservicio
59-2,Subservicio 59-2,Descripción del Subservicio 59-2,Subservicio
59-3,Subservicio 59-3,Descripción del Subservicio 59-3,Subservicio
59-4,Subservicio 59-4,Descripción del Subservicio 59-4,Subservicio
59-5,Subservicio 59-5,Descripción del Subservicio 59-5,Subservicio
59-6,Subservicio 59-6,Descripción del Subservicio 59-6,Subservicio
59-7,Subservicio 59-7,Descripción del Subservicio 59-7,Subservicio
59-8,Subservicio 59-8,Descripción del Subservicio 59-8,Subservicio
59-9,Subservicio 59-9,Descripción del Subservicio 59-9,Subservicio
59-10,Subservicio 59-10,Descripción del Subservicio 59-10,Subservicio
60,Servicio 60,Descripción del Servicio 60,Servicio
60-1,Subservicio 60-1,Descripción del Subservicio 60-1,Subservicio
60-2,Subservicio 60-2,Descripción del Subservicio 60-2,Subservicio
60-3,Subservicio 60-3,Descripción del Subservicio 60-3,Subservicio
60-4,Subservicio 60-4,Descripción del Subservicio 60-4,Subservicio
60-5,Subservicio 60-5,Descripción del Subservicio 60-5,Subservicio
60-6,Subservicio 60-6,Descripción del Subservicio 60-6,Subservicio
60-7,Subservicio 60-7,Descripción del Subservicio 60-7,Subservicio
60-8,Subservicio 60-8,Descripción del Subservicio 60-8,Subservicio
60-9,Subservicio 60-9,Descripción del Subservicio 60-9,Subservicio
60-10,Subservicio 60-10,Descripción del Subservicio 60-10,Subservicio
61,Servicio 61,Descripción del Servicio 61,Servicio
61-1,Subservicio 61-1,Descripción del Subservicio 61-1,Subservicio
61-2,Subservicio 61-2,Descripción del Subservicio 61-2,Subservicio
61-3,Subservicio 61-3,Descripción del Subservicio 61-3,Subservicio
61-4,Subservicio 61-4,Descripción del Subservicio 61-4,Subservicio
61-5,Subservicio 61-5,Descripción del Subservicio 61-5,Subservicio
61-6,Subservicio 61-6,Descripción del Subservicio 61-6,Subservicio
61-7,Subservicio 61-7,Descripción del Subservicio 61-7,Subservicio
61-8,Subservicio 61-8,Descripción del Subservicio 61-8,Subservicio
61-9,Subservicio 61-9,Descripción del Subservicio 61-9,Subservicio
61-10,Subservicio 61-10,Descripción del Subservicio 61-10,Subservicio
62,Servicio 62,Descripción del Servicio 62,Servicio
62-1,Subservicio 62-1,Descripción del Subservicio 62-1,Subservicio
62-2,Subservicio 62-2,Descripción del Subservicio 62-2,Subservicio
62-3,Subservicio 62-3,Descripción del Subservicio 62-3,Subservicio
62-4,Subservicio 62-4,Descripción del Subservicio 62-4,Subservicio
62-5,Subservicio 62-5,Descripción del Subservicio 62-5,Subservicio
62-6,Subservicio 62-6,Descripción del Subservicio 62-6,Subservicio
62-7,Subservicio 62-7,Descripción del Subservicio 62-7,Subservicio
62-8,Subservicio 62-8,Descripción del Subservicio 62-8,Subservicio
62-9,Subservicio 62-9,Descripción del Subservicio 62-9,Subservicio
62-10,Subservicio 62-10,Descripción del Subservicio 62-10,Subservicio
63,Servicio 63,Descripción del Servicio 63,Servicio
63-1,Subservicio 63-1,Descripción del Subservicio 63-1,Subservicio
63-2,Subservicio 63-2,Descripción del Subservicio 63-2,Subservicio
63-3,Subservicio 63-3,Descripción del Subservicio 63-3,Subservicio
63-4,Subservicio 63-4,Descripción del Subservicio 63-4,Subservicio
63-5,Subservicio 63-5,Descripción del Subservicio 63-5,Subservicio
63-6,Subservicio 63-6,Descripción del Subservicio 63-6,Subservicio
63-7,Subservicio 63-7,Descripción del Subservicio 63-7,Subservicio
63-8,Subservicio 63-8,Descripción del Subservicio 63-8,Subservicio
63-9,Subservicio 63-9,Descripción del Subservicio 63-9,Subservicio
63-10,Subservicio 63-10,Descripción del Subservicio 63-10,Subservicio
64,Servicio 64,Descripción del Servicio 64,Servicio
64-1,Subservicio 64-1,Descripción del Subservicio 64-1,Subservicio
64-2,Subservicio 64-2,Descripción del Subservicio 64-2,Subservicio
64-3,Subservicio 64-3,Descripción del Subservicio 64-3,Subservicio
64-4,Subservicio 64-4,Descripción del Subservicio 64-4,Subservicio
64-5,Subservicio 64-5,Descripción del Subservicio 64-5,Subservicio
64-6,Subservicio 64-6,Descripción del Subservicio 64-6,Subservicio
64-7,Subservicio 64-7,Descripción del Subservicio 64-7,Subservicio
64-8,Subservicio 64-8,Descripción del Subservicio 64-8,Subservicio
64-9,Subservicio 64-9,Descripción del Subservicio 64-9,Subservicio
64-10,Subservicio 64-10,Descripción del Subservicio 64-10,Subservicio
65,Servicio 65,Descripción del Servicio 65,Servicio
65-1,Subservicio 65-1,Descripción del Subservicio 65-1,Subservicio
65-2,Subservicio 65-2,Descripción del Subservicio 65-2,Subservicio
65-3,Subservicio 65-3,Descripción del Subservicio 65-3,Subservicio
65-4,Subservicio 65-4,Descripción del Subservicio 65-4,Subservicio
65-5,Subservicio 65-5,Descripción del Subservicio 65-5,Subservicio
65-6,Subservicio 65-6,Descripción del Subservicio 65-6,Subservicio
65-7,Subservicio 65-7,Descripción del Subservicio 65-7,Subservicio
65-8,Subservicio 65-8,Descripción del Subservicio 65-8,Subservicio
65-9,Subservicio 65-9,Descripción del Subservicio 65-9,Subservicio
65-10,Subservicio 65-10,Descripción del Subservicio 65-10,Subservicio
66,Servicio 66,Descripción del Servicio 66,Servicio
66-1,Subservicio 66-1,Descripción del Subservicio 66-1,Subservicio
66-2,Subservicio 66-2,Descripción del Subservicio 66-2,Subservicio
66-3,Subservicio 66-3,Descripción del Subservicio 66-3,Subservicio
66-4,Subservicio 66-4,Descripción del Subservicio 66-4,Subservicio
66-5,Subservicio 66-5,Descripción del Subservicio 66-5,Subservicio
66-6,Subservicio 66-6,Descripción del Subservicio 66-6,Subservicio
66-7,Subservicio 66-7,Descripción del Subservicio 66-7,Subservicio
66-8,Subservicio 66-8,Descripción del Subservicio 66-8,Subservicio
66-9,Subservicio 66-9,Descripción del Subservicio 66-9,Subservicio
66-10,Subservicio 66-10,Descripción del Subservicio 66-10,Subservicio
67,Servicio 67,Descripción del Servicio 67,Servicio
67-1,Subservicio 67-1,Descripción del Subservicio 67-1,Subservicio
67-2,Subservicio 67-2,Descripción del Subservicio 67-2,Subservicio
67-3,Subservicio 67-3,Descripción del Subservicio 67-3,Subservicio
67-4,Subservicio 67-4,Descripción del Subservicio 67-4,Subservicio
67-5,Subservicio 67-5,Descripción del Subservicio 67-5,Subservicio
67-6,Subservicio 67-6,Descripción del Subservicio 67-6,Subservicio
67-7,Subservicio 67-7,Descripción del Subservicio 67-7,Subservicio
67-8,Subservicio 67-8,Descripción del Subservicio 67-8,Subservicio
67-9,Subservicio 67-9,Descripción del Subservicio 67-9,Subservicio
67-10,Subservicio 67-10,Descripción del Subservicio 67-10,Subservicio
68,Servicio 68,Descripción del Servicio 68,Servicio
68-1,Subservicio 68-1,Descripción del Subservicio 68-1,Subservicio
68-2,Subservicio 68-2,Descripción del Subservicio 68-2,Subservicio
68-3,Subservicio 68-3,Descripción del Subservicio 68-3,Subservicio
68-4,Subservicio 68-4,Descripción del Subservicio 68-4,Subservicio
68-5,Subservicio 68-5,Descripción del Subservicio 68-5,Subservicio
68-6,Subservicio 68-6,Descripción del Subservicio 68-6,Subservicio
68-7,Subservicio 68-7,Descripción del Subservicio 68-7,Subservicio
68-8,Subservicio 68-8,Descripción del Subservicio 68-8,Subservicio
68-9,Subservicio 68-9,Descripción del Subservicio 68-9,Subservicio
68-10,Subservicio 68-10,Descripción del Subservicio 68-10,Subservicio
69,Servicio 69,Descripción del Servicio 69,Servicio
69-1,Subservicio 69-1,Descripción del Subservicio 69-1,Subservicio
69-2,Subservicio 69-2,Descripción del Subservicio 69-2,Subservicio
69-3,Subservicio 69-3,Descripción del Subservicio 69-3,Subservicio
69-4,Subservicio 69-4,Descripción del Subservicio 69-4,Subservicio
69-5,Subservicio 69-5,Descripción del Subservicio 69-5,Subservicio
69-6,Subservicio 69-6,Descripción del Subservicio 69-6,Subservicio
69-7,Subservicio 69-7,Descripción del Subservicio 69-7,Subservicio
69-8,Subservicio 69-8,Descripción del Subservicio 69-8,Subservicio
69-9,Subservicio 69-9,Descripción del Subservicio 69-9,Subservicio
69-10,Subservicio 69-10,Descripción del Subservicio 69-10,Subservicio
70,Servicio 70,Descripción del Servicio 70,Servicio
70-1,Subservicio 70-1,Descripción del Subservicio 70-1,Subservicio
70-2,Subservicio 70-2,Descripción del Subservicio 70-2,Subservicio
70-3,Subservicio 70-3,Descripción del Subservicio 70-3,Subservicio
70-4,Subservicio 70-4,Descripción del Subservicio 70-4,Subservicio
70-5,Subservicio 70-5,Descripción del Subservicio 70-5,Subservicio
70-6,Subservicio 70-6,Descripción del Subservicio 70-6,Subservicio
70-7,Subservicio 70-7,Descripción del Subservicio 70-7,Subservicio
70-8,Subservicio 70-8,Descripción del Subservicio 70-8,Subservicio
70-9,Subservicio 70-9,Descripción del Subservicio 70-9,Subservicio
70-10,Subservicio 70-10,Descripción del Subservicio 70-10,Subservicio
71,Servicio 71,Descripción del Servicio 71,Servicio
71-1,Subservicio 71-1,Descripción del Subservicio 71-1,Subservicio
71-2,Subservicio 71-2,Descripción del Subservicio 71-2,Subservicio
71-3,Subservicio 71-3,Descripción del Subservicio 71-3,Subservicio
71-4,Subservicio 71-4,Descripción del Subservicio 71-4,Subservicio
71-5,Subservicio 71-5,Descripción del Subservicio 71-5,Subservicio
71-6,Subservicio 71-6,Descripción del Subservicio 71-6,Subservicio
71-7,Subservicio 71-7,Descripción del Subservicio 71-7,Subservicio
71-8,Subservicio 71-8,Descripción del Subservicio 71-8,Subservicio
71-9,Subservicio 71-9,Descripción del Subservicio 71-9,Subservicio
71-10,Subservicio 71-10,Descripción del Subservicio 71-10,Subservicio
72,Servicio 72,Descripción del Servicio 72,Servicio
72-1,Subservicio 72-1,Descripción del Subservicio 72-1,Subservicio
72-2,Subservicio 72-2,Descripción del Subservicio 72-2,Subservicio
72-3,Subservicio 72-3,Descripción del Subservicio 72-3,Subservicio
72-4,Subservicio 72-4,Descripción del Subservicio 72-4,Subservicio
72-5,Subservicio 72-5,Descripción del Subservicio 72-5,Subservicio
72-6,Subservicio 72-6,Descripción del Subservicio 72-6,Subservicio
72-7,Subservicio 72-7,Descripción del Subservicio 72-7,Subservicio
72-8,Subservicio 72-8,Descripción del Subservicio 72-8,Subservicio
72-9,Subservicio 72-9,Descripción del Subservicio 72-9,Subservicio
72-10,Subservicio 72-10,Descripción del Subservicio 72-10,Subservicio
73,Servicio 73,Descripción del Servicio 73,Servicio
73-1,Subservicio 73-1,Descripción del Subservicio 73-1,Subservicio
73-2,Subservicio 73-2,Descripción del Subservicio 73-2,Subservicio
73-3,Subservicio 73-3,Descripción del Subservicio 73-3,Subservicio
73-4,Subservicio 73-4,Descripción del Subservicio 73-4,Subservicio
73-5,Subservicio 73-5,Descripción del Subservicio 73-5,Subservicio
73-6,Subservicio 73-6,Descripción del Subservicio 73-6,Subservicio
73-7,Subservicio 73-7,Descripción del Subservicio 73-7,Subservicio
73-8,Subservicio 73-8,Descripción del Subservicio 73-8,Subservicio
73-9,Subservicio 73-9,Descripción del Subservicio 73-9,Subservicio
73-10,Subservicio 73-10,Descripción del Subservicio 73-10,Subservicio
74,Servicio 74,Descripción del Servicio 74,Servicio
74-1,Subservicio 74-1,Descripción del Subservicio 74-1,Subservicio
74-2,Subservicio 74-2,Descripción del Subservicio 74-2,Subservicio
74-3,Subservicio 74-3,Descripción del Subservicio 74-3,Subservicio
74-4,Subservicio 74-4,Descripción del Subservicio 74-4,Subservicio
74-5,Subservicio 74-5,Descripción del Subservicio 74-5,Subservicio
74-6,Subservicio 74-6,Descripción del Subservicio 74-6,Subservicio
74-7,Subservicio 74-7,Descripción del Subservicio 74-7,Subservicio
74-8,Subservicio 74-8,Descripción del Subservicio 74-8,Subservicio
74-9,Subservicio 74-9,Descripción del Subservicio 74-9,Subservicio
74-10,Subservicio 74-10,Descripción del Subservicio 74-10,Subservicio
75,Servicio 75,Descripción del Servicio 75,Servicio
75-1,Subservicio 75-1,Descripción del Subservicio 75-1,Subservicio
75-2,Subservicio 75-2,Descripción del Subservicio 75-2,Subservicio
75-3,Subservicio 75-3,Descripción del Subservicio 75-3,Subservicio
75-4,Subservicio 75-4,Descripción del Subservicio 75-4,Subservicio
75-5,Subservicio 75-5,Descripción del Subservicio 75-5,Subservicio
75-6,Subservicio 75-6,Descripción del Subservicio 75-6,Subservicio
75-7,Subservicio 75-7,Descripción del Subservicio 75-7,Subservicio
75-8,Subservicio 75-8,Descripción del Subservicio 75-8,Subservicio
75-9,Subservicio 75-9,Descripción del Subservicio 75-9,Subservicio
75-10,Subservicio 75-10,Descripción del Subservicio 75-10,Subservicio
76,Servicio 76,Descripción del Servicio 76,Servicio
76-1,Subservicio 76-1,Descripción del Subservicio 76-1,Subservicio
76-2,Subservicio 76-2,Descripción del Subservicio 76-2,Subservicio
76-3,Subservicio 76-3,Descripción del Subservicio 76-3,Subservicio
76-4,Subservicio 76-4,Descripción del Subservicio 76-4,Subservicio
76-5,Subservicio 76-5,Descripción del Subservicio 76-5,Subservicio
76-6,Subservicio 76-6,Descripción del Subservicio 76-6,Subservicio
76-7,Subservicio 76-7,Descripción del Subservicio 76-7,Subservicio
76-8,Subservicio 76-8,Descripción del Subservicio 76-8,Subservicio
76-9,Subservicio 76-9,Descripción del Subservicio 76-9,Subservicio
76-10,Subservicio 76-10,Descripción del Subservicio 76-10,Subservicio
77,Servicio 77,Descripción del Servicio 77,Servicio
77-1,Subservicio 77-1,Descripción del Subservicio 77-1,Subservicio
77-2,Subservicio 77-2,Descripción del Subservicio 77-2,Subservicio
77-3,Subservicio 77-3,Descripción del Subservicio 77-3,Subservicio
77-4,Subservicio 77-4,Descripción del Subservicio 77-4,Subservicio
77-5,Subservicio 77-5,Descripción del Subservicio 77-5,Subservicio
77-6,Subservicio 77-6,Descripción del Subservicio 77-6,Subservicio
77-7,Subservicio 77-7,Descripción del Subservicio 77-7,Subservicio
77-8,Subservicio 77-8,Descripción del Subservicio 77-8,Subservicio
77-9,Subservicio 77-9,Descripción del Subservicio 77-9,Subservicio
77-10,Subservicio 77-10,Descripción del Subservicio 77-10,Subservicio
78,Servicio 78,Descripción del Servicio 78,Servicio
78-1,Subservicio 78-1,Descripción del Subservicio 78-1,Subservicio
78-2,Subservicio 78-2,Descripción del Subservicio 78-2,Subservicio
78-3,Subservicio 78-3,Descripción del Subservicio 78-3,Subservicio
78-4,Subservicio 78-4,Descripción del Subservicio 78-4,Subservicio
78-5,Subservicio 78-5,Descripción del Subservicio 78-5,Subservicio
78-6,Subservicio 78-6,Descripción del Subservicio 78-6,Subservicio
78-7,Subservicio 78-7,Descripción del Subservicio 78-7,Subservicio
78-8,Subservicio 78-8,Descripción del Subservicio 78-8,Subservicio
78-9,Subservicio 78-9,Descripción del Subservicio 78-9,Subservicio
78-10,Subservicio 78-10,Descripción del Subservicio 78-10,Subservicio
79,Servicio 79,Descripción del Servicio 79,Servicio
79-1,Subservicio 79-1,Descripción del Subservicio 79-1,Subservicio
79-2,Subservicio 79-2,Descripción del Subservicio 79-2,Subservicio
79-3,Subservicio 79-3,Descripción del Subservicio 79-3,Subservicio
79-4,Subservicio 79-4,Descripción del Subservicio 79-4,Subservicio
79-5,Subservicio 79-5,Descripción del Subservicio 79-5,Subservicio
79-6,Subservicio 79-6,Descripción del Subservicio 79-6,Subservicio
79-7,Subservicio 79-7,Descripción del Subservicio 79-7,Subservicio
79-8,Subservicio 79-8,Descripción del Subservicio 79-8,Subservicio
79-9,Subservicio 79-9,Descripción del Subservicio 79-9,Subservicio
79-10,Subservicio 79-10,Descripción del Subservicio 79-10,Subservicio
80,Servicio 80,Descripción del Servicio 80,Servicio
80-1,Subservicio 80-1,Descripción del Subservicio 80-1,Subservicio
80-2,Subservicio 80-2,Descripción del Subservicio 80-2,Subservicio
80-3,Subservicio 80-3,Descripción del Subservicio 80-3,Subservicio
80-4,Subservicio 80-4,Descripción del Subservicio 80-4,Subservicio
80-5,Subservicio 80-5,Descripción del Subservicio 80-5,Subservicio
80-6,Subservicio 80-6,Descripción del Subservicio 80-6,Subservicio
80-7,Subservicio 80-7,Descripción del Subservicio 80-7,Subservicio
80-8,Subservicio 80-8,Descripción del Subservicio 80-8,Subservicio
80-9,Subservicio 80-9,Descripción del Subservicio 80-9,Subservicio
80-10,Subservicio 80-10,Descripción del Subservicio 80-10,Subservicio
81,Servicio 81,Descripción del Servicio 81,Servicio
81-1,Subservicio 81-1,Descripción del Subservicio 81-1,Subservicio
81-2,Subservicio 81-2,Descripción del Subservicio 81-2,Subservicio
81-3,Subservicio 81-3,Descripción del Subservicio 81-3,Subservicio
81-4,Subservicio 81-4,Descripción del Subservicio 81-4,Subservicio
81-5,Subservicio 81-5,Descripción del Subservicio 81-5,Subservicio
81-6,Subservicio 81-6,Descripción del Subservicio 81-6,Subservicio
81-7,Subservicio 81-7,Descripción del Subservicio 81-7,Subservicio
81-8,Subservicio 81-8,Descripción del Subservicio 81-8,Subservicio
81-9,Subservicio 81-9,Descripción del Subservicio 81-9,Subservicio
81-10,Subservicio 81-10,Descripción del Subservicio 81-10,Subservicio
82,Servicio 82,Descripción del Servicio 82,Servicio
82-1,Subservicio 82-1,Descripción del Subservicio 82-1,Subservicio
82-2,Subservicio 82-2,Descripción del Subservicio 82-2,Subservicio
82-3,Subservicio 82-3,Descripción del Subservicio 82-3,Subservicio
82-4,Subservicio 82-4,Descripción del Subservicio 82-4,Subservicio
82-5,Subservicio 82-5,Descripción del Subservicio 82-5,Subservicio
82-6,Subservicio 82-6,Descripción del Subservicio 82-6,Subservicio
82-7,Subservicio 82-7,Descripción del Subservicio 82-7,Subservicio
82-8,Subservicio 82-8,Descripción del Subservicio 82-8,Subservicio
82-9,Subservicio 82-9,Descripción del Subservicio 82-9,Subservicio
82-10,Subservicio 82-10,Descripción del Subservicio 82-10,Subservicio
83,Servicio 83,Descripción del Servicio 83,Servicio
83-1,Subservicio 83-1,Descripción del Subservicio 83-1,Subservicio
83-2,Subservicio 83-2,Descripción del Subservicio 83-2,Subservicio
83-3,Subservicio 83-3,Descripción del Subservicio 83-3,Subservicio
83-4,Subservicio 83-4,Descripción del Subservicio 83-4,Subservicio
83-5,Subservicio 83-5,Descripción del Subservicio 83-5,Subservicio
83-6,Subservicio 83-6,Descripción del Subservicio 83-6,Subservicio
83-7,Subservicio 83-7,Descripción del Subservicio 83-7,Subservicio
83-8,Subservicio 83-8,Descripción del Subservicio 83-8,Subservicio
83-9,Subservicio 83-9,Descripción del Subservicio 83-9,Subservicio
83-10,Subservicio 83-10,Descripción del Subservicio 83-10,Subservicio
84,Servicio 84,Descripción del Servicio 84,Servicio
84-1,Subservicio 84-1,Descripción del Subservicio 84-1,Subservicio
84-2,Subservicio 84-2,Descripción del Subservicio 84-2,Subservicio
84-3,Subservicio 84-3,Descripción del Subservicio 84-3,Subservicio
84-4,Subservicio 84-4,Descripción del Subservicio 84-4,Subservicio
84-5,Subservicio 84-5,Descripción del Subservicio 84-5,Subservicio
84-6,Subservicio 84-6,Descripción del Subservicio 84-6,Subservicio
84-7,Subservicio 84-7,Descripción del Subservicio 84-7,Subservicio
84-8,Subservicio 84-8,Descripción del Subservicio 84-8,Subservicio
84-9,Subservicio 84-9,Descripción del Subservicio 84-9,Subservicio
84-10,Subservicio 84-10,Descripción del Subservicio 84-10,Subservicio
85,Servicio 85,Descripción del Servicio 85,Servicio
85-1,Subservicio 85-1,Descripción del Subservicio 85-1,Subservicio
85-2,Subservicio 85-2,Descripción del Subservicio 85-2,Subservicio
85-3,Subservicio 85-3,Descripción del Subservicio 85-3,Subservicio
85-4,Subservicio 85-4,Descripción del Subservicio 85-4,Subservicio
85-5,Subservicio 85-5,Descripción del Subservicio 85-5,Subservicio
85-6,Subservicio 85-6,Descripción del Subservicio 85-6,Subservicio
85-7,Subservicio 85-7,Descripción del Subservicio 85-7,Subservicio
85-8,Subservicio 85-8,Descripción del Subservicio 85-8,Subservicio
85-9,Subservicio 85-9,Descripción del Subservicio 85-9,Subservicio
85-10,Subservicio 85-10,Descripción del Subservicio 85-10,Subservicio
86,Servicio 86,Descripción del Servicio 86,Servicio
86-1,Subservicio 86-1,Descripción del Subservicio 86-1,Subservicio
86-2,Subservicio 86-2,Descripción del Subservicio 86-2,Subservicio
86-3,Subservicio 86-3,Descripción del Subservicio 86-3,Subservicio
86-4,Subservicio 86-4,Descripción del Subservicio 86-4,Subservicio
86-5,Subservicio 86-5,Descripción del Subservicio 86-5,Subservicio
86-6,Subservicio 86-6,Descripción del Subservicio 86-6,Subservicio
86-7,Subservicio 86-7,Descripción del Subservicio 86-7,Subservicio
86-8,Subservicio 86-8,Descripción del Subservicio 86-8,Subservicio
86-9,Subservicio 86-9,Descripción del Subservicio 86-9,Subservicio
86-10,Subservicio 86-10,Descripción del Subservicio 86-10,Subservicio
87,Servicio 87,Descripción del Servicio 87,Servicio
87-1,Subservicio 87-1,Descripción del Subservicio 87-1,Subservicio
87-2,Subservicio 87-2,Descripción del Subservicio 87-2,Subservicio
87-3,Subservicio 87-3,Descripción del Subservicio 87-3,Subservicio
87-4,Subservicio 87-4,Descripción del Subservicio 87-4,Subservicio
87-5,Subservicio 87-5,Descripción del Subservicio 87-5,Subservicio
87-6,Subservicio 87-6,Descripción del Subservicio 87-6,Subservicio
87-7,Subservicio 87-7,Descripción del Subservicio 87-7,Subservicio
87-8,Subservicio 87-8,Descripción del Subservicio 87-8,Subservicio
87-9,Subservicio 87-9,Descripción del Subservicio 87-9,Subservicio
87-10,Subservicio 87-10,Descripción del Subservicio 87-10,Subservicio
88,Servicio 88,Descripción del Servicio 88,Servicio
88-1,Subservicio 88-1,Descripción del Subservicio 88-1,Subservicio
88-2,Subservicio 88-2,Descripción del Subservicio 88-2,Subservicio
88-3,Subservicio 88-3,Descripción del Subservicio 88-3,Subservicio
88-4,Subservicio 88-4,Descripción del Subservicio 88-4,Subservicio
88-5,Subservicio 88-5,Descripción del Subservicio 88-5,Subservicio
88-6,Subservicio 88-6,Descripción del Subservicio 88-6,Subservicio
88-7,Subservicio 88-7,Descripción del Subservicio 88-7,Subservicio
88-8,Subservicio 88-8,Descripción del Subservicio 88-8,Subservicio
88-9,Subservicio 88-9,Descripción del Subservicio 88-9,Subservicio
88-10,Subservicio 88-10,Descripción del Subservicio 88-10,Subservicio
89,Servicio 89,Descripción del Servicio 89,Servicio
89-1,Subservicio 89-1,Descripción del Subservicio 89-1,Subservicio
89-2,Subservicio 89-2,Descripción del Subservicio 89-2,Subservicio
89-3,Subservicio 89-3,Descripción del Subservicio 89-3,Subservicio
89-4,Subservicio 89-4,Descripción del Subservicio 89-4,Subservicio
89-5,Subservicio 89-5,Descripción del Subservicio 89-5,Subservicio
89-6,Subservicio 89-6,Descripción del Subservicio 89-6,Subservicio
89-7,Subservicio 89-7,Descripción del Subservicio 89-7,Subservicio
89-8,Subservicio 89-8,Descripción del Subservicio 89-8,Subservicio
89-9,Subservicio 89-9,Descripción del Subservicio 89-9,Subservicio
89-10,Subservicio 89-10,Descripción del Subservicio 89-10,Subservicio
90,Servicio 90,Descripción del Servicio 90,Servicio
90-1,Subservicio 90-1,Descripción del Subservicio 90-1,Subservicio
90-2,Subservicio 90-2,Descripción del Subservicio 90-2,Subservicio
90-3,Subservicio 90-3,Descripción del Subservicio 90-3,Subservicio
90-4,Subservicio 90-4,Descripción del Subservicio 90-4,Subservicio
90-5,Subservicio 90-5,Descripción del Subservicio 90-5,Subservicio
90-6,Subservicio 90-6,Descripción del Subservicio 90-6,Subservicio
90-7,Subservicio 90-7,Descripción del Subservicio 90-7,Subservicio
90-8,Subservicio 90-8,Descripción del Subservicio 90-8,Subservicio
90-9,Subservicio 90-9,Descripción del Subservicio 90-9,Subservicio
90-10,Subservicio 90-10,Descripción del Subservicio 90-10,Subservicio
91,Servicio 91,Descripción del Servicio 91,Servicio
91-1,Subservicio 91-1,Descripción del Subservicio 91-1,Subservicio
91-2,Subservicio 91-2,Descripción del Subservicio 91-2,Subservicio
91-3,Subservicio 91-3,Descripción del Subservicio 91-3,Subservicio
91-4,Subservicio 91-4,Descripción del Subservicio 91-4,Subservicio
91-5,Subservicio 91-5,Descripción del Subservicio 91-5,Subservicio
91-6,Subservicio 91-6,Descripción del Subservicio 91-6,Subservicio
91-7,Subservicio 91-7,Descripción del Subservicio 91-7,Subservicio
91-8,Subservicio 91-8,Descripción del Subservicio 91-8,Subservicio
91-9,Subservicio 91-9,Descripción del Subservicio 91-9,Subservicio
91-10,Subservicio 91-10,Descripción del Subservicio 91-10,Subservicio
92,Servicio 92,Descripción del Servicio 92,Servicio
92-1,Subservicio 92-1,Descripción del Subservicio 92-1,Subservicio
92-2,Subservicio 92-2,Descripción del Subservicio 92-2,Subservicio
92-3,Subservicio 92-3,Descripción del Subservicio 92-3,Subservicio
92-4,Subservicio 92-4,Descripción del Subservicio 92-4,Subservicio
92-5,Subservicio 92-5,Descripción del Subservicio 92-5,Subservicio
92-6,Subservicio 92-6,Descripción del Subservicio 92-6,Subservicio
92-7,Subservicio 92-7,Descripción del Subservicio 92-7,Subservicio
92-8,Subservicio 92-8,Descripción del Subservicio 92-8,Subservicio
92-9,Subservicio 92-9,Descripción del Subservicio 92-9,Subservicio
92-10,Subservicio 92-10,Descripción del Subservicio 92-10,Subservicio
93,Servicio 93,Descripción del Servicio 93,Servicio
93-1,Subservicio 93-1,Descripción del Subservicio 93-1,Subservicio
93-2,Subservicio 93-2,Descripción del Subservicio 93-2,Subservicio
93-3,Subservicio 93-3,Descripción del Subservicio 93-3,Subservicio
93-4,Subservicio 93-4,Descripción del Subservicio 93-4,Subservicio
93-5,Subservicio 93-5,Descripción del Subservicio 93-5,Subservicio
93-6,Subservicio 93-6,Descripción del Subservicio 93-6,Subservicio
93-7,Subservicio 93-7,Descripción del Subservicio 93-7,Subservicio
93-8,Subservicio 93-8,Descripción del Subservicio 93-8,Subservicio
93-9,Subservicio 93-9,Descripción del Subservicio 93-9,Subservicio
93-10,Subservicio 93-10,Descripción del Subservicio 93-10,Subservicio
94,Servicio 94,Descripción del Servicio 94,Servicio
94-1,Subservicio 94-1,Descripción del Subservicio 94-1,Subservicio
94-2,Subservicio 94-2,Descripción del Subservicio 94-2,Subservicio
94-3,Subservicio 94-3,Descripción del Subservicio 94-3,Subservicio
94-4,Subservicio 94-4,Descripción del Subservicio 94-4,Subservicio
94-5,Subservicio 94-5,Descripción del Subservicio 94-5,Subservicio
94-6,Subservicio 94-6,Descripción del Subservicio 94-6,Subservicio
94-7,Subservicio 94-7,Descripción del Subservicio 94-7,Subservicio
94-8,Subservicio 94-8,Descripción del Subservicio 94-8,Subservicio
94-9,Subservicio 94-9,Descripción del Subservicio 94-9,Subservicio
94-10,Subservicio 94-10,Descripción del Subservicio 94-10,Subservicio
95,Servicio 95,Descripción del Servicio 95,Servicio
95-1,Subservicio 95-1,Descripción del Subservicio 95-1,Subservicio
95-2,Subservicio 95-2,Descripción del Subservicio 95-2,Subservicio
95-3,Subservicio 95-3,Descripción del Subservicio 95-3,Subservicio
95-4,Subservicio 95-4,Descripción del Subservicio 95-4,Subservicio
95-5,Subservicio 95-5,Descripción del Subservicio 95-5,Subservicio
95-6,Subservicio 95-6,Descripción del Subservicio 95-6,Subservicio
95-7,Subservicio 95-7,Descripción del Subservicio 95-7,Subservicio
95-8,Subservicio 95-8,Descripción del Subservicio 95-8,Subservicio
95-9,Subservicio 95-9,Descripción del Subservicio 95-9,Subservicio
95-10,Subservicio 95-10,Descripción del Subservicio 95-10,Subservicio
96,Servicio 96,Descripción del Servicio 96,Servicio
96-1,Subservicio 96-1,Descripción del Subservicio 96-1,Subservicio
96-2,Subservicio 96-2,Descripción del Subservicio 96-2,Subservicio
96-3,Subservicio 96-3,Descripción del Subservicio 96-3,Subservicio
96-4,Subservicio 96-4,Descripción del Subservicio 96-4,Subservicio
96-5,Subservicio 96-5,Descripción del Subservicio 96-5,Subservicio
96-6,Subservicio 96-6,Descripción del Subservicio 96-6,Subservicio
96-7,Subservicio 96-7,Descripción del Subservicio 96-7,Subservicio
96-8,Subservicio 96-8,Descripción del Subservicio 96-8,Subservicio
96-9,Subservicio 96-9,Descripción del Subservicio 96-9,Subservicio
96-10,Subservicio 96-10,Descripción del Subservicio 96-10,Subservicio
97,Servicio 97,Descripción del Servicio 97,Servicio
97-1,Subservicio 97-1,Descripción del Subservicio 97-1,Subservicio
97-2,Subservicio 97-2,Descripción del Subservicio 97-2,Subservicio
97-3,Subservicio 97-3,Descripción del Subservicio 97-3,Subservicio
97-4,Subservicio 97-4,Descripción del Subservicio 97-4,Subservicio
97-5,Subservicio 97-5,Descripción del Subservicio 97-5,Subservicio
97-6,Subservicio 97-6,Descripción del Subservicio 97-6,Subservicio
97-7,Subservicio 97-7,Descripción del Subservicio 97-7,Subservicio
97-8,Subservicio 97-8,Descripción del Subservicio 97-8,Subservicio
97-9,Subservicio 97-9,Descripción del Subservicio 97-9,Subservicio
97-10,Subservicio 97-10,Descripción del Subservicio 97-10,Subservicio
98,Servicio 98,Descripción del Servicio 98,Servicio
98-1,Subservicio 98-1,Descripción del Subservicio 98-1,Subservicio
98-2,Subservicio 98-2,Descripción del Subservicio 98-2,Subservicio
98-3,Subservicio 98-3,Descripción del Subservicio 98-3,Subservicio
98-4,Subservicio 98-4,Descripción del Subservicio 98-4,Subservicio
98-5,Subservicio 98-5,Descripción del Subservicio 98-5,Subservicio
98-6,Subservicio 98-6,Descripción del Subservicio 98-6,Subservicio
98-7,Subservicio 98-7,Descripción del Subservicio 98-7,Subservicio
98-8,Subservicio 98-8,Descripción del Subservicio 98-8,Subservicio
98-9,Subservicio 98-9,Descripción del Subservicio 98-9,Subservicio
98-10,Subservicio 98-10,Descripción del Subservicio 98-10,Subservicio
99,Servicio 99,Descripción del Servicio 99,Servicio
99-1,Subservicio 99-1,Descripción del Subservicio 99-1,Subservicio
99-2,Subservicio 99-2,Descripción del Subservicio 99-2,Subservicio
99-3,Subservicio 99-3,Descripción del Subservicio 99-3,Subservicio
99-4,Subservicio 99-4,Descripción del Subservicio 99-4,Subservicio
99-5,Subservicio 99-5,Descripción del Subservicio 99-5,Subservicio
99-6,Subservicio 99-6,Descripción del Subservicio 99-6,Subservicio
99-7,Subservicio 99-7,Descripción del Subservicio 99-7,Subservicio
99-8,Subservicio 99-8,Descripción del Subservicio 99-8,Subservicio
99-9,Subservicio 99-9,Descripción del Subservicio 99-9,Subservicio
99-10,Subservicio 99-10,Descripción del Subservicio 99-10,Subservicio
100,Servicio 100,Descripción del Servicio 100,Servicio
100-1,Subservicio 100-1,Descripción del Subservicio 100-1,Subservicio
100-2,Subservicio 100-2,Descripción del Subservicio 100-2,Subservicio
100-3,Subservicio 100-3,Descripción del Subservicio 100-3,Subservicio
100-4,Subservicio 100-4,Descripción del Subservicio 100-4,Subservicio
100-5,Subservicio 100-5,Descripción del Subservicio 100-5,Subservicio
100-6,Subservicio 100-6,Descripción del Subservicio 100-6,Subservicio
100-7,Subservicio 100-7,Descripción del Subservicio 100-7,Subservicio
100-8,Subservicio 100-8,Descripción del Subservicio 100-8,Subservicio
100-9,Subservicio 100-9,Descripción del Subservicio 100-9,Subservicio
100-10,Subservicio 100-10,Descripción del Subservicio 100-10,Subservicio
